timestamp,sender,recipient,subject,attachment_name,attachment_type,auth_status,source_ip
2025-08-01 00:00:00,kelly04@yahoo.com,harrisonmichael@company.com,Team meeting update,page.zip,zip,pass,216.238.140.196
2025-08-01 00:03:00,ellischad@paypa1.com,vasquezfernando@company.com,Invoice attached,peace.exe,exe,pass,16.109.182.39
2025-08-01 00:06:00,vcollins@yahoo.com,shess@company.com,Urgent: Verify your account,main.exe,exe,pass,144.145.231.98
2025-08-01 00:09:00,erica36@goog1e-secure.net,amandahoward@company.com,Team meeting update,,,pass,77.202.245.160
2025-08-01 00:12:00,ganderson@yahoo.com,melanie07@company.com,Team meeting update,common.pdf,pdf,pass,209.23.163.44
2025-08-01 00:15:00,henry89@microsoft.com,hendrickschristopher@company.com,Important payroll document,,,pass,73.224.95.222
2025-08-01 00:18:00,fernandezstephanie@micr0soft-support.net,hobbstamara@company.com,Urgent: Verify your account,effect.exe,exe,pass,19.244.30.238
2025-08-01 00:21:00,troysmith@microsoft.com,christine47@company.com,Invoice attached,,,pass,83.206.252.129
2025-08-01 00:24:00,garciamary@paypa1.com,angela83@company.com,Urgent: Verify your account,improve.xlsm,xlsm,pass,46.199.65.80
2025-08-01 00:27:00,gmoore@micr0soft-support.net,samuelwalker@company.com,Invoice attached,event.pdf,pdf,pass,87.117.223.125
2025-08-01 00:30:00,hbriggs@google.com,walkerchristopher@company.com,Urgent: Verify your account,account.exe,exe,pass,62.9.101.144
2025-08-01 00:33:00,krodriguez@google.com,gilljames@company.com,Password reset request,light.zip,zip,pass,84.99.243.98
2025-08-01 00:36:00,millersarah@google.com,gabriellefernandez@company.com,Team meeting update,,,pass,92.188.15.146
2025-08-01 00:39:00,michelle76@goog1e-secure.net,william30@company.com,Password reset request,fire.exe,exe,pass,115.5.145.252
2025-08-01 00:42:00,xholt@paypa1.com,javier81@company.com,Password reset request,,,pass,115.134.244.104
2025-08-01 00:45:00,barrettjessica@yahoo.com,scurtis@company.com,Urgent: Verify your account,chair.pdf,pdf,pass,123.101.249.112
2025-08-01 00:48:00,udavid@microsoft.com,jefferyconrad@company.com,Password reset request,,,pass,186.80.155.33
2025-08-01 00:51:00,daltonmoore@yahoo.com,shelleymoore@company.com,Password reset request,,,pass,163.227.200.86
2025-08-01 00:54:00,ajohnson@google.com,stokeswilliam@company.com,Urgent: Verify your account,,,pass,209.28.52.89
2025-08-01 00:57:00,roykevin@yahoo.com,andreamitchell@company.com,Invoice attached,likely.zip,zip,pass,58.176.86.192
2025-08-01 01:00:00,nashdanielle@paypal.com,nancy18@company.com,Important payroll document,specific.xlsm,xlsm,pass,88.7.32.201
2025-08-01 01:03:00,michael86@paypal.com,elizabeth31@company.com,Important payroll document,hear.zip,zip,pass,213.10.7.129
2025-08-01 01:06:00,moralesjuan@outlook.com,zcallahan@company.com,Password reset request,include.xlsm,xlsm,pass,131.198.223.71
2025-08-01 01:09:00,chamberschristopher@yahoo.com,mariobailey@company.com,Urgent: Verify your account,off.exe,exe,pass,153.57.202.223
2025-08-01 01:12:00,bentleytimothy@outlook.com,josephjenkins@company.com,Invoice attached,order.xlsm,xlsm,pass,191.138.78.102
2025-08-01 01:15:00,andre15@paypa1.com,gparker@company.com,Password reset request,,,pass,132.150.200.185
2025-08-01 01:18:00,wendyadams@yahoo.com,michaelhunt@company.com,Important payroll document,music.xlsm,xlsm,pass,77.101.229.45
2025-08-01 01:21:00,rollinsjulie@outlook.com,watsonjustin@company.com,Invoice attached,,,pass,71.231.52.0
2025-08-01 01:24:00,brianna48@microsoft.com,wadedonna@company.com,Team meeting update,,,pass,137.45.12.73
2025-08-01 01:27:00,zsanders@google.com,ffuller@company.com,Password reset request,again.xlsm,xlsm,pass,198.134.63.144
2025-08-01 01:30:00,lfowler@outlook.com,cindymiller@company.com,Invoice attached,bed.exe,exe,pass,71.139.169.189
2025-08-01 01:33:00,josephodom@goog1e-secure.net,curtisbailey@company.com,Important payroll document,,,pass,222.27.221.21
2025-08-01 01:36:00,steve97@microsoft.com,pcole@company.com,Team meeting update,,,pass,57.198.234.130
2025-08-01 01:39:00,courtney64@yahoo.com,tracihoward@company.com,Invoice attached,young.exe,exe,pass,82.172.18.222
2025-08-01 01:42:00,fwatson@yahoo.com,lewispamela@company.com,Invoice attached,attorney.exe,exe,pass,223.162.14.32
2025-08-01 01:45:00,charlesaustin@google.com,gerald51@company.com,Urgent: Verify your account,,,pass,100.158.57.193
2025-08-01 01:48:00,wwalsh@paypa1.com,angelarobertson@company.com,Password reset request,trip.zip,zip,pass,93.62.186.66
2025-08-01 01:51:00,hferguson@yahoo.com,courtney10@company.com,Team meeting update,happen.exe,exe,pass,181.190.18.44
2025-08-01 01:54:00,joycemitchell@paypal.com,matthewmorgan@company.com,Invoice attached,future.exe,exe,pass,56.10.185.132
2025-08-01 01:57:00,yvonne62@goog1e-secure.net,austinmartinez@company.com,Urgent: Verify your account,agree.zip,zip,pass,189.61.30.8
2025-08-01 02:00:00,becky21@micr0soft-support.net,jandrews@company.com,Invoice attached,conference.exe,exe,fail,102.18.101.109
2025-08-01 02:03:00,william39@microsoft.com,cbrock@company.com,Team meeting update,,,pass,18.37.114.229
2025-08-01 02:06:00,travis26@goog1e-secure.net,hubbardkimberly@company.com,Team meeting update,,,pass,124.94.54.127
2025-08-01 02:09:00,michaelcline@yahoo.com,cookchristine@company.com,Password reset request,,,pass,108.207.241.23
2025-08-01 02:12:00,ryan88@microsoft.com,alyssavargas@company.com,Invoice attached,,,pass,214.93.131.249
2025-08-01 02:15:00,istewart@paypal.com,atkinsjames@company.com,Urgent: Verify your account,,,pass,140.106.219.243
2025-08-01 02:18:00,garciamarcus@microsoft.com,dennisbyrd@company.com,Invoice attached,,,pass,67.127.52.62
2025-08-01 02:21:00,madisonmiller@yahoo.com,ucurtis@company.com,Team meeting update,,,pass,56.35.245.29
2025-08-01 02:24:00,ucarter@paypal.com,ecastro@company.com,Password reset request,,,pass,62.173.154.200
2025-08-01 02:27:00,john99@paypa1.com,swhite@company.com,Invoice attached,police.zip,zip,pass,64.195.236.198
2025-08-01 02:30:00,richard55@outlook.com,codykennedy@company.com,Team meeting update,,,pass,26.147.107.26
2025-08-01 02:33:00,kathryn70@yahoo.com,richardbates@company.com,Team meeting update,,,pass,151.12.27.76
2025-08-01 02:36:00,josephbrown@microsoft.com,julie14@company.com,Password reset request,,,pass,24.13.131.12
2025-08-01 02:39:00,wilsonmargaret@paypal.com,christopher46@company.com,Urgent: Verify your account,,,pass,191.174.136.156
2025-08-01 02:42:00,tatetamara@yahoo.com,peterzamora@company.com,Important payroll document,,,pass,56.161.117.123
2025-08-01 02:45:00,rogersjohn@yahoo.com,stacy96@company.com,Invoice attached,can.xlsm,xlsm,pass,115.237.113.64
2025-08-01 02:48:00,anthonymartin@goog1e-secure.net,larry23@company.com,Password reset request,look.zip,zip,pass,160.212.63.238
2025-08-01 02:51:00,michaelallen@paypal.com,derrickwalters@company.com,Urgent: Verify your account,live.xlsm,xlsm,pass,35.7.22.215
2025-08-01 02:54:00,allenjennifer@outlook.com,lindsaykelley@company.com,Important payroll document,new.pdf,pdf,pass,159.81.202.186
2025-08-01 02:57:00,nicoledavis@microsoft.com,howebryan@company.com,Important payroll document,,,pass,183.247.97.110
2025-08-01 03:00:00,dillonbrittany@goog1e-secure.net,bethanybell@company.com,Important payroll document,these.zip,zip,pass,35.54.176.83
2025-08-01 03:03:00,thompsonrobert@google.com,gdavis@company.com,Important payroll document,particular.exe,exe,pass,94.127.112.90
2025-08-01 03:06:00,mackenzie97@goog1e-secure.net,jessicahaynes@company.com,Important payroll document,start.xlsm,xlsm,pass,188.130.7.49
2025-08-01 03:09:00,blackdawn@outlook.com,swhite@company.com,Password reset request,,,pass,219.11.189.107
2025-08-01 03:12:00,katiecarey@paypa1.com,kbrock@company.com,Invoice attached,but.exe,exe,pass,220.24.132.144
2025-08-01 03:15:00,anthonyhorn@goog1e-secure.net,wgonzalez@company.com,Invoice attached,,,pass,73.63.48.77
2025-08-01 03:18:00,pclarke@paypa1.com,kristina18@company.com,Urgent: Verify your account,,,pass,216.202.149.185
2025-08-01 03:21:00,tarabutler@google.com,ksimpson@company.com,Password reset request,throw.exe,exe,pass,157.63.219.26
2025-08-01 03:24:00,oodom@paypa1.com,omclaughlin@company.com,Password reset request,,,pass,8.42.33.229
2025-08-01 03:27:00,fwebb@google.com,cassandraortega@company.com,Invoice attached,,,pass,193.231.219.228
2025-08-01 03:30:00,andrewkramer@microsoft.com,westrada@company.com,Team meeting update,upon.zip,zip,pass,90.167.125.174
2025-08-01 03:33:00,christine50@goog1e-secure.net,timothymorgan@company.com,Team meeting update,model.xlsm,xlsm,pass,97.254.196.101
2025-08-01 03:36:00,michaelmarsh@google.com,johnwood@company.com,Invoice attached,,,pass,121.236.122.236
2025-08-01 03:39:00,rebeccapatton@google.com,jason11@company.com,Important payroll document,relate.pdf,pdf,pass,71.185.237.40
2025-08-01 03:42:00,victoria06@micr0soft-support.net,crivera@company.com,Important payroll document,,,pass,215.100.43.122
2025-08-01 03:45:00,smithkenneth@paypa1.com,timothycarey@company.com,Important payroll document,,,pass,33.13.69.94
2025-08-01 03:48:00,kimberlybailey@micr0soft-support.net,bensonlaurie@company.com,Urgent: Verify your account,,,fail,122.252.90.239
2025-08-01 03:51:00,qmorrison@paypa1.com,cody79@company.com,Urgent: Verify your account,get.pdf,pdf,pass,141.173.101.6
2025-08-01 03:54:00,perrymeagan@microsoft.com,mjohnson@company.com,Team meeting update,,,pass,17.11.95.108
2025-08-01 03:57:00,sbriggs@goog1e-secure.net,patriciahenson@company.com,Team meeting update,study.zip,zip,pass,11.89.225.169
2025-08-01 04:00:00,ohart@micr0soft-support.net,vjohnson@company.com,Urgent: Verify your account,foreign.xlsm,xlsm,fail,156.60.45.5
2025-08-01 04:03:00,kathy07@micr0soft-support.net,etownsend@company.com,Urgent: Verify your account,,,fail,92.103.110.175
2025-08-01 04:06:00,lawrence80@micr0soft-support.net,melaniehale@company.com,Password reset request,town.xlsm,xlsm,pass,4.135.164.130
2025-08-01 04:09:00,gmartinez@google.com,moorevincent@company.com,Invoice attached,,,pass,219.36.57.178
2025-08-01 04:12:00,juliaclark@paypa1.com,patricia66@company.com,Important payroll document,,,pass,157.204.12.144
2025-08-01 04:15:00,sethbush@paypa1.com,twhite@company.com,Invoice attached,,,pass,177.70.43.223
2025-08-01 04:18:00,taralong@google.com,vrhodes@company.com,Urgent: Verify your account,approach.exe,exe,pass,201.79.130.91
2025-08-01 04:21:00,ronaldmoreno@outlook.com,umoss@company.com,Team meeting update,everyone.zip,zip,pass,191.240.114.40
2025-08-01 04:24:00,catherine15@yahoo.com,jsalinas@company.com,Team meeting update,address.pdf,pdf,pass,6.181.232.181
2025-08-01 04:27:00,jamesbrock@google.com,brandtpaul@company.com,Invoice attached,action.zip,zip,pass,208.4.108.211
2025-08-01 04:30:00,casey59@outlook.com,nicolejohnson@company.com,Urgent: Verify your account,,,pass,202.59.229.35
2025-08-01 04:33:00,pbrady@google.com,mtran@company.com,Important payroll document,particular.zip,zip,pass,22.41.242.29
2025-08-01 04:36:00,laceysmith@micr0soft-support.net,rpena@company.com,Important payroll document,,,pass,157.248.121.239
2025-08-01 04:39:00,oliviacooper@micr0soft-support.net,tammy05@company.com,Urgent: Verify your account,another.zip,zip,fail,181.80.47.10
2025-08-01 04:42:00,bartlettshelly@outlook.com,joneskelsey@company.com,Team meeting update,,,pass,173.188.170.117
2025-08-01 04:45:00,mooreamy@paypa1.com,jsalazar@company.com,Urgent: Verify your account,,,pass,121.107.0.83
2025-08-01 04:48:00,marilyn39@google.com,christina55@company.com,Important payroll document,,,pass,155.205.65.147
2025-08-01 04:51:00,erinstanley@paypal.com,joedavis@company.com,Team meeting update,perhaps.pdf,pdf,pass,169.69.59.126
2025-08-01 04:54:00,yconley@goog1e-secure.net,rmendez@company.com,Team meeting update,,,pass,16.190.105.118
2025-08-01 04:57:00,molly58@paypa1.com,larryjohnson@company.com,Invoice attached,affect.exe,exe,pass,91.169.223.216
2025-08-01 05:00:00,meyerstephanie@micr0soft-support.net,greentami@company.com,Invoice attached,military.pdf,pdf,pass,6.180.77.1
2025-08-01 05:03:00,floresleon@paypal.com,shannonreid@company.com,Urgent: Verify your account,allow.exe,exe,pass,157.193.142.77
2025-08-01 05:06:00,scott48@paypa1.com,cummingserin@company.com,Urgent: Verify your account,carry.xlsm,xlsm,pass,41.55.13.246
2025-08-01 05:09:00,jenniferparker@paypa1.com,qross@company.com,Invoice attached,,,pass,99.126.249.218
2025-08-01 05:12:00,psanders@google.com,jessicasmith@company.com,Password reset request,himself.zip,zip,pass,47.231.119.23
2025-08-01 05:15:00,russellmartin@google.com,ryan37@company.com,Password reset request,concern.pdf,pdf,pass,69.81.67.57
2025-08-01 05:18:00,xgomez@yahoo.com,christinakelley@company.com,Urgent: Verify your account,,,pass,208.234.128.223
2025-08-01 05:21:00,barretttaylor@paypal.com,christine38@company.com,Important payroll document,,,pass,184.42.196.217
2025-08-01 05:24:00,uwilliams@google.com,ramirezadam@company.com,Invoice attached,case.xlsm,xlsm,pass,119.69.218.248
2025-08-01 05:27:00,gardnermary@paypal.com,xthompson@company.com,Important payroll document,,,pass,12.194.194.200
2025-08-01 05:30:00,jeremyhall@google.com,amandazhang@company.com,Password reset request,couple.exe,exe,pass,114.236.115.100
2025-08-01 05:33:00,nmcmahon@paypa1.com,jacqueline51@company.com,Password reset request,,,pass,1.250.34.136
2025-08-01 05:36:00,jacquelineserrano@micr0soft-support.net,qcameron@company.com,Password reset request,,,fail,87.149.175.114
2025-08-01 05:39:00,natasha38@yahoo.com,ghart@company.com,Urgent: Verify your account,,,pass,172.220.219.125
2025-08-01 05:42:00,jenniferthompson@paypal.com,jessica55@company.com,Urgent: Verify your account,,,pass,203.232.137.185
2025-08-01 05:45:00,robertshort@outlook.com,jamessantos@company.com,Invoice attached,condition.exe,exe,pass,205.171.53.206
2025-08-01 05:48:00,davidherring@goog1e-secure.net,nicholasturner@company.com,Invoice attached,,,pass,110.57.111.153
2025-08-01 05:51:00,dennisnathan@outlook.com,luis37@company.com,Team meeting update,cup.pdf,pdf,pass,27.24.82.153
2025-08-01 05:54:00,carla02@paypal.com,stewarttracey@company.com,Team meeting update,,,pass,186.246.213.221
2025-08-01 05:57:00,bcoleman@microsoft.com,ccoleman@company.com,Important payroll document,,,pass,196.40.100.197
2025-08-01 06:00:00,kevin07@google.com,cooperrachel@company.com,Urgent: Verify your account,relationship.pdf,pdf,pass,208.62.45.79
2025-08-01 06:03:00,owensrobert@goog1e-secure.net,ymoran@company.com,Password reset request,girl.xlsm,xlsm,pass,30.137.56.209
2025-08-01 06:06:00,zallen@micr0soft-support.net,scott31@company.com,Password reset request,source.pdf,pdf,fail,64.16.136.141
2025-08-01 06:09:00,tmiller@microsoft.com,danielleedwards@company.com,Invoice attached,three.exe,exe,pass,130.224.166.235
2025-08-01 06:12:00,dyoung@google.com,luiswest@company.com,Password reset request,market.pdf,pdf,pass,8.169.116.137
2025-08-01 06:15:00,susan42@microsoft.com,debra63@company.com,Password reset request,need.xlsm,xlsm,pass,147.7.145.14
2025-08-01 06:18:00,chadpeterson@microsoft.com,enorris@company.com,Urgent: Verify your account,voice.pdf,pdf,pass,37.190.165.186
2025-08-01 06:21:00,rshaffer@goog1e-secure.net,mooredylan@company.com,Invoice attached,smile.zip,zip,pass,58.93.55.16
2025-08-01 06:24:00,dawnwatts@yahoo.com,sherri01@company.com,Team meeting update,,,pass,142.206.231.60
2025-08-01 06:27:00,thomasmelody@google.com,wanda53@company.com,Team meeting update,style.zip,zip,pass,51.142.211.37
2025-08-01 06:30:00,dunncory@outlook.com,jreyes@company.com,Important payroll document,fast.xlsm,xlsm,pass,212.95.34.172
2025-08-01 06:33:00,villanuevasamuel@google.com,lfrazier@company.com,Password reset request,view.exe,exe,pass,158.239.109.138
2025-08-01 06:36:00,gamblethomas@yahoo.com,salazarvincent@company.com,Invoice attached,particularly.zip,zip,pass,150.8.199.8
2025-08-01 06:39:00,nathan90@outlook.com,meaganmccarthy@company.com,Invoice attached,main.pdf,pdf,pass,186.150.4.63
2025-08-01 06:42:00,yhines@paypa1.com,aguilardenise@company.com,Invoice attached,,,pass,210.153.213.136
2025-08-01 06:45:00,fieldschad@micr0soft-support.net,msmith@company.com,Password reset request,could.exe,exe,fail,35.251.187.120
2025-08-01 06:48:00,daniel69@google.com,leonpamela@company.com,Invoice attached,,,pass,188.201.108.153
2025-08-01 06:51:00,amckinney@paypal.com,angela73@company.com,Team meeting update,bad.pdf,pdf,pass,142.124.201.95
2025-08-01 06:54:00,hicksjacqueline@goog1e-secure.net,chapmanchristopher@company.com,Invoice attached,,,pass,217.246.216.126
2025-08-01 06:57:00,charles58@microsoft.com,kristenbenitez@company.com,Invoice attached,song.pdf,pdf,pass,105.35.68.79
2025-08-01 07:00:00,zwillis@google.com,jessica37@company.com,Urgent: Verify your account,care.xlsm,xlsm,pass,202.197.176.192
2025-08-01 07:03:00,leonard03@microsoft.com,elizabeth16@company.com,Team meeting update,,,pass,40.136.87.7
2025-08-01 07:06:00,walter28@micr0soft-support.net,barnesjerry@company.com,Team meeting update,we.xlsm,xlsm,pass,118.112.3.32
2025-08-01 07:09:00,wrighterica@outlook.com,chelseahopkins@company.com,Invoice attached,research.zip,zip,pass,137.111.138.201
2025-08-01 07:12:00,taylor37@paypa1.com,guerrerofrank@company.com,Important payroll document,,,pass,136.169.48.20
2025-08-01 07:15:00,michelepope@microsoft.com,hillandrea@company.com,Password reset request,community.exe,exe,pass,27.147.226.120
2025-08-01 07:18:00,ann50@paypa1.com,matthew59@company.com,Team meeting update,message.pdf,pdf,pass,26.158.0.144
2025-08-01 07:21:00,iblair@yahoo.com,kevin01@company.com,Important payroll document,,,pass,46.195.97.220
2025-08-01 07:24:00,hcopeland@yahoo.com,hamiltonalex@company.com,Important payroll document,,,pass,80.85.197.155
2025-08-01 07:27:00,phillipsangelica@google.com,myerstodd@company.com,Invoice attached,,,pass,203.182.40.120
2025-08-01 07:30:00,reyeshoward@micr0soft-support.net,jamesmonroe@company.com,Team meeting update,school.zip,zip,fail,186.72.87.250
2025-08-01 07:33:00,phillip46@paypal.com,riosricky@company.com,Invoice attached,,,pass,178.189.184.113
2025-08-01 07:36:00,lydialozano@google.com,ubauer@company.com,Urgent: Verify your account,,,pass,112.180.180.235
2025-08-01 07:39:00,thines@paypal.com,epotts@company.com,Team meeting update,,,pass,1.119.117.28
2025-08-01 07:42:00,blackjames@paypa1.com,mortonkathleen@company.com,Password reset request,,,pass,6.68.118.157
2025-08-01 07:45:00,qfoster@microsoft.com,vhaas@company.com,Urgent: Verify your account,last.zip,zip,pass,101.67.22.172
2025-08-01 07:48:00,john58@microsoft.com,baileylowe@company.com,Important payroll document,already.pdf,pdf,pass,52.38.159.206
2025-08-01 07:51:00,vangjoann@microsoft.com,hillpeter@company.com,Important payroll document,dinner.pdf,pdf,pass,195.126.0.15
2025-08-01 07:54:00,sandrawilliams@outlook.com,bedwards@company.com,Team meeting update,exactly.pdf,pdf,pass,126.99.66.144
2025-08-01 07:57:00,martincrystal@google.com,mcgrathpaige@company.com,Important payroll document,television.pdf,pdf,pass,212.237.110.36
2025-08-01 08:00:00,ana64@paypal.com,austinkyle@company.com,Important payroll document,thought.exe,exe,pass,162.79.110.246
2025-08-01 08:03:00,walkerrodney@goog1e-secure.net,laurie38@company.com,Important payroll document,resource.pdf,pdf,pass,119.243.123.240
2025-08-01 08:06:00,melanienelson@paypal.com,lgross@company.com,Password reset request,TV.pdf,pdf,pass,131.108.116.182
2025-08-01 08:09:00,nicholas98@paypa1.com,villaalexandra@company.com,Important payroll document,necessary.pdf,pdf,pass,174.81.203.167
2025-08-01 08:12:00,mccarthysandra@paypa1.com,julie12@company.com,Important payroll document,team.exe,exe,pass,167.191.127.216
2025-08-01 08:15:00,meganlee@micr0soft-support.net,fisherchase@company.com,Password reset request,,,pass,167.69.174.174
2025-08-01 08:18:00,beckcourtney@yahoo.com,shane95@company.com,Password reset request,,,pass,55.174.190.168
2025-08-01 08:21:00,jeremyoneill@goog1e-secure.net,blakemunoz@company.com,Team meeting update,give.exe,exe,pass,19.92.74.154
2025-08-01 08:24:00,kyle75@goog1e-secure.net,glogan@company.com,Password reset request,,,pass,96.179.133.96
2025-08-01 08:27:00,sarah62@paypal.com,randyjones@company.com,Team meeting update,red.pdf,pdf,pass,187.24.223.244
2025-08-01 08:30:00,halltiffany@paypa1.com,josephhowell@company.com,Password reset request,begin.exe,exe,pass,19.99.201.154
2025-08-01 08:33:00,wfoley@outlook.com,karen52@company.com,Important payroll document,,,pass,112.158.205.58
2025-08-01 08:36:00,amyhess@outlook.com,johnsonjoshua@company.com,Urgent: Verify your account,,,pass,37.38.171.157
2025-08-01 08:39:00,leonard07@paypal.com,jonesjacob@company.com,Invoice attached,,,pass,210.184.82.180
2025-08-01 08:42:00,ecunningham@yahoo.com,morankyle@company.com,Team meeting update,,,pass,147.136.108.185
2025-08-01 08:45:00,uhall@paypa1.com,ramoskeith@company.com,Invoice attached,seem.exe,exe,pass,36.162.165.87
2025-08-01 08:48:00,paul21@goog1e-secure.net,richardschaefer@company.com,Urgent: Verify your account,sort.pdf,pdf,pass,3.15.30.249
2025-08-01 08:51:00,levi82@micr0soft-support.net,rodrigueznicole@company.com,Urgent: Verify your account,yeah.exe,exe,fail,39.180.204.142
2025-08-01 08:54:00,pittsmichelle@paypa1.com,ryan19@company.com,Important payroll document,,,pass,113.47.247.181
2025-08-01 08:57:00,stephanieknight@paypa1.com,krobles@company.com,Important payroll document,,,pass,119.182.20.27
2025-08-01 09:00:00,sabrinahill@micr0soft-support.net,donaldwashington@company.com,Password reset request,,,pass,220.108.4.192
2025-08-01 09:03:00,monica35@yahoo.com,coltonsmith@company.com,Invoice attached,Congress.exe,exe,pass,143.74.189.12
2025-08-01 09:06:00,bnguyen@paypal.com,bcastillo@company.com,Invoice attached,campaign.pdf,pdf,pass,130.205.199.52
2025-08-01 09:09:00,amy86@micr0soft-support.net,aprilchapman@company.com,Password reset request,rate.zip,zip,fail,6.163.119.104
2025-08-01 09:12:00,benjamin35@micr0soft-support.net,qcrawford@company.com,Urgent: Verify your account,chance.pdf,pdf,pass,180.218.73.132
2025-08-01 09:15:00,cgates@google.com,roseadam@company.com,Urgent: Verify your account,deep.xlsm,xlsm,pass,79.234.18.55
2025-08-01 09:18:00,catherine70@paypal.com,dillontaylor@company.com,Password reset request,bit.pdf,pdf,pass,204.113.68.113
2025-08-01 09:21:00,pattersonalexander@microsoft.com,ojohnson@company.com,Urgent: Verify your account,,,pass,158.143.68.130
2025-08-01 09:24:00,jameswilliams@goog1e-secure.net,jeremypacheco@company.com,Invoice attached,,,pass,34.183.149.118
2025-08-01 09:27:00,barrettdustin@goog1e-secure.net,ifarrell@company.com,Invoice attached,,,pass,137.64.194.76
2025-08-01 09:30:00,lisapatterson@micr0soft-support.net,pjohnson@company.com,Urgent: Verify your account,style.pdf,pdf,pass,104.153.60.30
2025-08-01 09:33:00,buckleygary@yahoo.com,mwashington@company.com,Urgent: Verify your account,agreement.xlsm,xlsm,pass,216.101.12.239
2025-08-01 09:36:00,omcgrath@google.com,itorres@company.com,Team meeting update,door.xlsm,xlsm,pass,114.92.55.42
2025-08-01 09:39:00,murraykyle@paypa1.com,zhardy@company.com,Password reset request,if.exe,exe,pass,164.38.237.6
2025-08-01 09:42:00,fpace@micr0soft-support.net,marygarcia@company.com,Important payroll document,,,fail,23.140.160.48
2025-08-01 09:45:00,henrydavila@paypal.com,showard@company.com,Password reset request,man.zip,zip,pass,206.52.156.217
2025-08-01 09:48:00,hsmith@goog1e-secure.net,hannah19@company.com,Important payroll document,,,pass,139.160.119.82
2025-08-01 09:51:00,olsenkimberly@micr0soft-support.net,lewisalex@company.com,Team meeting update,,,fail,185.68.182.242
2025-08-01 09:54:00,charlescampbell@google.com,benjaminfrazier@company.com,Password reset request,,,pass,85.53.41.75
2025-08-01 09:57:00,garciaadam@google.com,melissa03@company.com,Team meeting update,dinner.zip,zip,pass,153.54.153.214
2025-08-01 10:00:00,millercarolyn@google.com,bryan17@company.com,Password reset request,either.pdf,pdf,pass,123.207.102.218
2025-08-01 10:03:00,olivingston@microsoft.com,stewartmichael@company.com,Important payroll document,,,pass,145.59.158.1
2025-08-01 10:06:00,lori02@outlook.com,gdavis@company.com,Team meeting update,get.pdf,pdf,pass,222.199.232.50
2025-08-01 10:09:00,martin60@goog1e-secure.net,jkerr@company.com,Password reset request,us.xlsm,xlsm,pass,6.197.246.212
2025-08-01 10:12:00,mary23@yahoo.com,jaredburgess@company.com,Important payroll document,,,pass,132.49.70.199
2025-08-01 10:15:00,karenbanks@goog1e-secure.net,usantos@company.com,Important payroll document,type.pdf,pdf,pass,37.171.143.252
2025-08-01 10:18:00,tyler75@paypal.com,mitchell81@company.com,Important payroll document,,,pass,91.167.40.79
2025-08-01 10:21:00,vickiegonzalez@yahoo.com,jross@company.com,Invoice attached,road.exe,exe,pass,68.135.173.158
2025-08-01 10:24:00,wilsonkristine@goog1e-secure.net,sheila38@company.com,Invoice attached,,,pass,167.214.238.67
2025-08-01 10:27:00,bakervanessa@google.com,rlee@company.com,Invoice attached,behind.pdf,pdf,pass,106.197.179.177
2025-08-01 10:30:00,yhawkins@google.com,todd23@company.com,Team meeting update,,,pass,93.97.36.84
2025-08-01 10:33:00,ylee@paypa1.com,ralphtravis@company.com,Urgent: Verify your account,,,pass,36.56.100.32
2025-08-01 10:36:00,lgeorge@paypal.com,cherylolson@company.com,Invoice attached,lawyer.exe,exe,pass,29.145.96.249
2025-08-01 10:39:00,russelldebra@paypal.com,ericwest@company.com,Important payroll document,mother.pdf,pdf,pass,121.81.82.77
2025-08-01 10:42:00,staceyrodriguez@google.com,aprilswanson@company.com,Team meeting update,heart.exe,exe,pass,50.123.40.69
2025-08-01 10:45:00,shaneanderson@google.com,brucedavid@company.com,Password reset request,,,pass,171.129.50.65
2025-08-01 10:48:00,shannonmartinez@micr0soft-support.net,amorales@company.com,Important payroll document,,,fail,75.60.162.181
2025-08-01 10:51:00,christophercochran@yahoo.com,deckerwendy@company.com,Urgent: Verify your account,,,pass,172.190.36.131
2025-08-01 10:54:00,foleyryan@microsoft.com,chamberssean@company.com,Password reset request,phone.pdf,pdf,pass,70.123.142.189
2025-08-01 10:57:00,jordanmatthew@outlook.com,greenjason@company.com,Important payroll document,quite.xlsm,xlsm,pass,117.19.138.210
2025-08-01 11:00:00,samueljohnson@paypal.com,wilcoxryan@company.com,Urgent: Verify your account,,,pass,12.153.76.196
2025-08-01 11:03:00,baxterstephanie@google.com,xharris@company.com,Urgent: Verify your account,,,pass,39.158.126.208
2025-08-01 11:06:00,sierra55@paypal.com,logan94@company.com,Important payroll document,,,pass,53.244.14.184
2025-08-01 11:09:00,rhodeslisa@microsoft.com,dennis39@company.com,Invoice attached,,,pass,172.38.38.145
2025-08-01 11:12:00,amandabest@outlook.com,mary09@company.com,Urgent: Verify your account,shake.exe,exe,pass,88.174.43.162
2025-08-01 11:15:00,richardturner@outlook.com,joannabarber@company.com,Invoice attached,pay.xlsm,xlsm,pass,38.184.114.224
2025-08-01 11:18:00,bradleyjeffrey@goog1e-secure.net,daniel75@company.com,Urgent: Verify your account,anything.zip,zip,pass,54.3.171.0
2025-08-01 11:21:00,hugheselizabeth@microsoft.com,wallacedavid@company.com,Important payroll document,,,pass,20.149.235.183
2025-08-01 11:24:00,murphydeborah@paypal.com,joseph49@company.com,Invoice attached,dream.zip,zip,pass,128.222.143.194
2025-08-01 11:27:00,mlewis@google.com,karen72@company.com,Team meeting update,,,pass,193.192.209.206
2025-08-01 11:30:00,melanie04@micr0soft-support.net,sextoncrystal@company.com,Password reset request,,,fail,15.3.229.122
2025-08-01 11:33:00,benjamin00@outlook.com,lwilliams@company.com,Team meeting update,,,pass,172.35.22.5
2025-08-01 11:36:00,qarnold@paypal.com,kelly30@company.com,Team meeting update,,,pass,14.124.6.80
2025-08-01 11:39:00,gambleteresa@goog1e-secure.net,timothy92@company.com,Important payroll document,such.xlsm,xlsm,pass,38.52.201.135
2025-08-01 11:42:00,molinaeric@yahoo.com,richardsmith@company.com,Invoice attached,never.xlsm,xlsm,pass,106.53.193.113
2025-08-01 11:45:00,annawagner@outlook.com,scottgonzalez@company.com,Team meeting update,upon.exe,exe,pass,152.92.131.251
2025-08-01 11:48:00,lcolon@goog1e-secure.net,johnstonjohn@company.com,Team meeting update,,,pass,173.183.104.176
2025-08-01 11:51:00,alisonrusso@paypa1.com,ericgriffin@company.com,Urgent: Verify your account,,,pass,75.174.212.53
2025-08-01 11:54:00,vdavis@outlook.com,carol43@company.com,Password reset request,,,pass,193.11.166.57
2025-08-01 11:57:00,nathancordova@microsoft.com,martineztimothy@company.com,Team meeting update,world.xlsm,xlsm,pass,19.166.15.248
2025-08-01 12:00:00,pennywaters@outlook.com,kristiturner@company.com,Important payroll document,,,pass,58.201.177.140
2025-08-01 12:03:00,cwarren@microsoft.com,jason34@company.com,Invoice attached,media.pdf,pdf,pass,3.195.35.216
2025-08-01 12:06:00,kimberlyhawkins@outlook.com,amberjensen@company.com,Team meeting update,,,pass,183.24.78.219
2025-08-01 12:09:00,mliu@micr0soft-support.net,gsmith@company.com,Password reset request,increase.pdf,pdf,pass,13.63.38.253
2025-08-01 12:12:00,david78@microsoft.com,bailey51@company.com,Password reset request,for.exe,exe,pass,62.202.136.236
2025-08-01 12:15:00,austin08@goog1e-secure.net,david84@company.com,Invoice attached,soon.exe,exe,pass,201.78.161.90
2025-08-01 12:18:00,stephanie02@micr0soft-support.net,harriswilliam@company.com,Important payroll document,plant.exe,exe,pass,164.207.91.56
2025-08-01 12:21:00,joneskevin@paypa1.com,sanchezmaria@company.com,Invoice attached,,,pass,147.122.43.245
2025-08-01 12:24:00,masonmatthew@microsoft.com,mathewspaula@company.com,Password reset request,,,pass,180.41.97.108
2025-08-01 12:27:00,elizabethatkinson@yahoo.com,watsondavid@company.com,Invoice attached,,,pass,190.79.73.110
2025-08-01 12:30:00,ericaprice@goog1e-secure.net,stephanie88@company.com,Team meeting update,usually.xlsm,xlsm,pass,64.18.12.178
2025-08-01 12:33:00,ian34@goog1e-secure.net,collinstiffany@company.com,Important payroll document,,,pass,107.168.228.85
2025-08-01 12:36:00,qmartinez@goog1e-secure.net,lisa50@company.com,Urgent: Verify your account,,,pass,169.16.86.63
2025-08-01 12:39:00,regina30@paypa1.com,usloan@company.com,Password reset request,our.xlsm,xlsm,pass,116.190.108.120
2025-08-01 12:42:00,michael67@goog1e-secure.net,efletcher@company.com,Important payroll document,half.xlsm,xlsm,pass,34.64.42.221
2025-08-01 12:45:00,thomaswilson@outlook.com,scottamy@company.com,Important payroll document,thing.exe,exe,pass,147.254.226.166
2025-08-01 12:48:00,wvazquez@goog1e-secure.net,cbrown@company.com,Team meeting update,move.xlsm,xlsm,pass,32.22.218.244
2025-08-01 12:51:00,brownchristopher@outlook.com,daviddonovan@company.com,Team meeting update,beyond.pdf,pdf,pass,216.1.4.187
2025-08-01 12:54:00,monicasmith@micr0soft-support.net,jamesrichard@company.com,Password reset request,ask.exe,exe,fail,213.236.207.61
2025-08-01 12:57:00,curtisbenitez@paypal.com,shellygraham@company.com,Important payroll document,,,pass,201.51.74.133
2025-08-01 13:00:00,smiththeresa@paypa1.com,jonesveronica@company.com,Password reset request,,,pass,62.39.250.216
2025-08-01 13:03:00,ogonzales@paypal.com,vhansen@company.com,Important payroll document,,,pass,204.115.71.186
2025-08-01 13:06:00,fullerdiana@goog1e-secure.net,chughes@company.com,Invoice attached,,,pass,193.99.225.34
2025-08-01 13:09:00,lewisamy@microsoft.com,hensonallison@company.com,Password reset request,,,pass,35.73.204.27
2025-08-01 13:12:00,ugutierrez@micr0soft-support.net,grace40@company.com,Urgent: Verify your account,within.xlsm,xlsm,pass,107.214.186.95
2025-08-01 13:15:00,bryan40@goog1e-secure.net,christopher45@company.com,Invoice attached,,,pass,59.54.137.207
2025-08-01 13:18:00,mendozadonna@paypa1.com,garciaraymond@company.com,Password reset request,rest.pdf,pdf,pass,28.218.217.119
2025-08-01 13:21:00,amyjordan@google.com,madisonrose@company.com,Team meeting update,speak.pdf,pdf,pass,56.38.52.61
2025-08-01 13:24:00,robinsonkimberly@goog1e-secure.net,qlowery@company.com,Invoice attached,imagine.xlsm,xlsm,pass,189.247.34.115
2025-08-01 13:27:00,howard90@paypal.com,vgillespie@company.com,Urgent: Verify your account,quite.exe,exe,pass,9.235.76.158
2025-08-01 13:30:00,william20@microsoft.com,ewallace@company.com,Urgent: Verify your account,while.exe,exe,pass,140.52.99.47
2025-08-01 13:33:00,millsregina@paypa1.com,bryan33@company.com,Important payroll document,,,pass,124.85.149.126
2025-08-01 13:36:00,elizabethsheppard@outlook.com,nguyenjason@company.com,Password reset request,camera.xlsm,xlsm,pass,202.126.39.198
2025-08-01 13:39:00,kimrichardson@yahoo.com,thomas08@company.com,Team meeting update,,,pass,58.216.121.16
2025-08-01 13:42:00,scasey@paypa1.com,shawn74@company.com,Important payroll document,,,pass,90.27.64.41
2025-08-01 13:45:00,danielcox@google.com,ashleygates@company.com,Team meeting update,above.pdf,pdf,pass,157.108.230.93
2025-08-01 13:48:00,samuel44@micr0soft-support.net,joshuahernandez@company.com,Urgent: Verify your account,condition.exe,exe,fail,144.200.206.190
2025-08-01 13:51:00,tuckerpeter@yahoo.com,douglas31@company.com,Team meeting update,set.pdf,pdf,pass,29.247.219.180
2025-08-01 13:54:00,wbowman@goog1e-secure.net,dward@company.com,Urgent: Verify your account,,,pass,102.19.166.148
2025-08-01 13:57:00,rachel82@microsoft.com,perezandrea@company.com,Password reset request,suggest.pdf,pdf,pass,129.153.23.207
2025-08-01 14:00:00,thomasheather@microsoft.com,joann37@company.com,Invoice attached,whatever.zip,zip,pass,188.44.140.91
2025-08-01 14:03:00,tuckerkristine@google.com,oelliott@company.com,Important payroll document,son.zip,zip,pass,21.48.0.122
2025-08-01 14:06:00,anthony44@outlook.com,kelliott@company.com,Team meeting update,,,pass,90.12.143.10
2025-08-01 14:09:00,dominique24@paypal.com,qaguirre@company.com,Password reset request,,,pass,59.107.125.149
2025-08-01 14:12:00,rsnyder@microsoft.com,haysjohn@company.com,Important payroll document,trip.zip,zip,pass,169.255.26.98
2025-08-01 14:15:00,clarkamy@outlook.com,felicia21@company.com,Team meeting update,military.pdf,pdf,pass,14.147.30.225
2025-08-01 14:18:00,vbullock@paypal.com,ojones@company.com,Invoice attached,,,pass,80.36.249.36
2025-08-01 14:21:00,vberg@goog1e-secure.net,tammy41@company.com,Urgent: Verify your account,speak.zip,zip,pass,106.115.133.48
2025-08-01 14:24:00,marcus25@microsoft.com,shannon18@company.com,Invoice attached,line.zip,zip,pass,161.219.94.95
2025-08-01 14:27:00,allenjustin@microsoft.com,jensenshane@company.com,Password reset request,,,pass,83.228.235.245
2025-08-01 14:30:00,amyhill@paypa1.com,kelly64@company.com,Password reset request,,,pass,41.197.34.128
2025-08-01 14:33:00,oliverderek@outlook.com,yolandabaker@company.com,Urgent: Verify your account,thousand.pdf,pdf,pass,204.28.212.43
2025-08-01 14:36:00,estradajackson@outlook.com,stephanieluna@company.com,Important payroll document,industry.pdf,pdf,pass,69.1.172.54
2025-08-01 14:39:00,richardisaac@paypa1.com,churchrandy@company.com,Important payroll document,,,pass,33.8.232.192
2025-08-01 14:42:00,bcasey@paypa1.com,matthew25@company.com,Important payroll document,game.pdf,pdf,pass,95.74.178.16
2025-08-01 14:45:00,whitesamantha@outlook.com,thomasjacqueline@company.com,Urgent: Verify your account,administration.exe,exe,pass,188.236.213.175
2025-08-01 14:48:00,hutchinsonray@paypa1.com,davidhernandez@company.com,Invoice attached,add.xlsm,xlsm,pass,41.179.234.132
2025-08-01 14:51:00,bauertammy@micr0soft-support.net,billy25@company.com,Team meeting update,,,pass,145.215.45.30
2025-08-01 14:54:00,floresherbert@goog1e-secure.net,xthomas@company.com,Password reset request,,,pass,215.185.78.148
2025-08-01 14:57:00,randy01@paypal.com,christinacastro@company.com,Urgent: Verify your account,social.xlsm,xlsm,pass,27.158.220.22
2025-08-01 15:00:00,jamesbest@paypal.com,lisajackson@company.com,Password reset request,,,pass,113.82.120.131
2025-08-01 15:03:00,todd87@microsoft.com,gwendolyn93@company.com,Invoice attached,,,pass,172.226.83.107
2025-08-01 15:06:00,michellebarrett@micr0soft-support.net,marcusstrickland@company.com,Invoice attached,director.xlsm,xlsm,pass,202.18.113.205
2025-08-01 15:09:00,lisamoreno@microsoft.com,justin48@company.com,Important payroll document,bit.pdf,pdf,pass,165.170.108.244
2025-08-01 15:12:00,cyoung@paypa1.com,ginajohnson@company.com,Invoice attached,edge.exe,exe,pass,5.84.181.137
2025-08-01 15:15:00,bobby25@microsoft.com,jameswalker@company.com,Urgent: Verify your account,,,pass,168.235.6.142
2025-08-01 15:18:00,hsmith@paypal.com,romerojacob@company.com,Urgent: Verify your account,wear.zip,zip,pass,23.192.115.18
2025-08-01 15:21:00,kenneth08@paypa1.com,knewton@company.com,Urgent: Verify your account,,,pass,4.156.43.124
2025-08-01 15:24:00,tjones@outlook.com,todd86@company.com,Invoice attached,tree.xlsm,xlsm,pass,214.31.115.159
2025-08-01 15:27:00,brandiking@paypal.com,lesliethomas@company.com,Important payroll document,,,pass,55.227.110.44
2025-08-01 15:30:00,qmccormick@yahoo.com,omeyer@company.com,Team meeting update,push.exe,exe,pass,20.231.228.242
2025-08-01 15:33:00,ivan45@google.com,kingangela@company.com,Invoice attached,,,pass,99.210.254.202
2025-08-01 15:36:00,aromero@microsoft.com,randall94@company.com,Urgent: Verify your account,rock.pdf,pdf,pass,10.23.39.1
2025-08-01 15:39:00,paul74@microsoft.com,jacobpoole@company.com,Urgent: Verify your account,,,pass,89.47.209.135
2025-08-01 15:42:00,davidhoward@paypa1.com,jeffreyfriedman@company.com,Invoice attached,model.pdf,pdf,pass,123.183.24.139
2025-08-01 15:45:00,phillipsjonathan@goog1e-secure.net,owensstephanie@company.com,Team meeting update,executive.exe,exe,pass,137.210.222.31
2025-08-01 15:48:00,nicholas65@yahoo.com,wesleybooker@company.com,Important payroll document,represent.zip,zip,pass,61.23.117.120
2025-08-01 15:51:00,masseycrystal@paypa1.com,amybrooks@company.com,Team meeting update,,,pass,219.58.57.227
2025-08-01 15:54:00,nharrington@google.com,annejackson@company.com,Urgent: Verify your account,exist.pdf,pdf,pass,79.223.95.165
2025-08-01 15:57:00,brandon50@yahoo.com,bjohnson@company.com,Team meeting update,economy.xlsm,xlsm,pass,53.213.111.238
2025-08-01 16:00:00,ariana46@paypal.com,rburns@company.com,Important payroll document,collection.exe,exe,pass,23.105.127.76
2025-08-01 16:03:00,wjohnson@microsoft.com,jessica68@company.com,Urgent: Verify your account,in.xlsm,xlsm,pass,125.108.113.53
2025-08-01 16:06:00,vanessa92@outlook.com,sara91@company.com,Team meeting update,drop.zip,zip,pass,219.185.143.203
2025-08-01 16:09:00,johnsonbrianna@paypa1.com,tara64@company.com,Invoice attached,,,pass,160.188.228.73
2025-08-01 16:12:00,harrisaudrey@yahoo.com,emily56@company.com,Invoice attached,,,pass,146.233.14.225
2025-08-01 16:15:00,jeffrey49@microsoft.com,richardsstephen@company.com,Urgent: Verify your account,push.zip,zip,pass,120.152.203.105
2025-08-01 16:18:00,ogarcia@microsoft.com,umelton@company.com,Team meeting update,also.zip,zip,pass,55.146.66.31
2025-08-01 16:21:00,garciajamie@micr0soft-support.net,ikennedy@company.com,Password reset request,laugh.pdf,pdf,pass,206.143.165.20
2025-08-01 16:24:00,brownashley@google.com,xhernandez@company.com,Invoice attached,bad.pdf,pdf,pass,110.176.154.116
2025-08-01 16:27:00,david21@microsoft.com,tyler26@company.com,Urgent: Verify your account,,,pass,174.213.252.4
2025-08-01 16:30:00,kbutler@google.com,michael61@company.com,Invoice attached,maybe.zip,zip,pass,41.252.105.96
2025-08-01 16:33:00,uwilson@google.com,leblanceugene@company.com,Urgent: Verify your account,,,pass,136.143.142.77
2025-08-01 16:36:00,william27@outlook.com,daniellefernandez@company.com,Important payroll document,,,pass,8.170.191.34
2025-08-01 16:39:00,pgonzalez@microsoft.com,allisonmiller@company.com,Urgent: Verify your account,light.pdf,pdf,pass,209.225.239.213
2025-08-01 16:42:00,hawkinsmichelle@microsoft.com,mary34@company.com,Urgent: Verify your account,college.zip,zip,pass,24.146.35.178
2025-08-01 16:45:00,norristhomas@paypa1.com,billy55@company.com,Invoice attached,as.pdf,pdf,pass,171.147.233.174
2025-08-01 16:48:00,robert07@goog1e-secure.net,jasonwashington@company.com,Important payroll document,matter.pdf,pdf,pass,218.58.110.62
2025-08-01 16:51:00,masondonald@yahoo.com,evanscourtney@company.com,Urgent: Verify your account,community.pdf,pdf,pass,159.4.229.30
2025-08-01 16:54:00,roblesmichelle@goog1e-secure.net,erincarrillo@company.com,Urgent: Verify your account,quality.xlsm,xlsm,pass,32.20.86.115
2025-08-01 16:57:00,rtaylor@microsoft.com,ryanbrown@company.com,Important payroll document,standard.exe,exe,pass,41.239.59.102
2025-08-01 17:00:00,zacharytran@paypa1.com,millergordon@company.com,Password reset request,firm.xlsm,xlsm,pass,167.81.208.30
2025-08-01 17:03:00,warejacob@microsoft.com,bhamilton@company.com,Important payroll document,,,pass,215.122.24.160
2025-08-01 17:06:00,efernandez@google.com,sarahlewis@company.com,Password reset request,,,pass,117.128.91.182
2025-08-01 17:09:00,fdominguez@paypal.com,markjackson@company.com,Invoice attached,increase.pdf,pdf,pass,166.40.144.198
2025-08-01 17:12:00,stephengonzalez@yahoo.com,veronicaconley@company.com,Urgent: Verify your account,cell.zip,zip,pass,188.130.209.145
2025-08-01 17:15:00,davidgrimes@goog1e-secure.net,grahamphilip@company.com,Team meeting update,phone.zip,zip,pass,14.17.204.102
2025-08-01 17:18:00,kevinreyes@paypal.com,etaylor@company.com,Invoice attached,energy.zip,zip,pass,203.46.171.47
2025-08-01 17:21:00,ialexander@paypal.com,kevinsteele@company.com,Team meeting update,,,pass,200.67.87.232
2025-08-01 17:24:00,christianzimmerman@yahoo.com,kellyjason@company.com,Important payroll document,,,pass,108.93.196.62
2025-08-01 17:27:00,michael30@paypal.com,lorrainesmith@company.com,Invoice attached,one.exe,exe,pass,208.71.13.126
2025-08-01 17:30:00,mlee@microsoft.com,mwheeler@company.com,Team meeting update,,,pass,146.20.152.81
2025-08-01 17:33:00,lross@outlook.com,josephmoore@company.com,Team meeting update,,,pass,170.174.129.27
2025-08-01 17:36:00,cweber@goog1e-secure.net,jacquelinehorn@company.com,Password reset request,,,pass,151.109.68.17
2025-08-01 17:39:00,michaelcampbell@paypal.com,smithjennifer@company.com,Invoice attached,glass.pdf,pdf,pass,175.45.170.8
2025-08-01 17:42:00,annadominguez@outlook.com,kempkevin@company.com,Password reset request,tough.xlsm,xlsm,pass,118.155.247.142
2025-08-01 17:45:00,hailey91@yahoo.com,danielwelch@company.com,Invoice attached,little.pdf,pdf,pass,100.18.176.65
2025-08-01 17:48:00,lynn62@goog1e-secure.net,lesparza@company.com,Important payroll document,after.exe,exe,pass,170.240.207.139
2025-08-01 17:51:00,vcalderon@goog1e-secure.net,phamilton@company.com,Important payroll document,study.zip,zip,pass,67.75.139.35
2025-08-01 17:54:00,crystal93@paypal.com,amandabanks@company.com,Invoice attached,choose.xlsm,xlsm,pass,38.246.143.68
2025-08-01 17:57:00,patriciachang@google.com,aarondiaz@company.com,Important payroll document,,,pass,47.17.106.208
2025-08-01 18:00:00,mflores@google.com,thomashiggins@company.com,Important payroll document,,,pass,13.105.145.36
2025-08-01 18:03:00,dianehayes@goog1e-secure.net,williamsbriana@company.com,Team meeting update,forward.zip,zip,pass,157.169.253.184
2025-08-01 18:06:00,yconley@outlook.com,john34@company.com,Password reset request,,,pass,177.19.149.130
2025-08-01 18:09:00,markjimenez@paypa1.com,iwhite@company.com,Password reset request,stop.exe,exe,pass,59.130.182.220
2025-08-01 18:12:00,kwilson@microsoft.com,anne38@company.com,Important payroll document,chair.pdf,pdf,pass,63.82.230.204
2025-08-01 18:15:00,annewilliams@paypal.com,amandaweber@company.com,Important payroll document,him.zip,zip,pass,163.185.95.78
2025-08-01 18:18:00,kpreston@microsoft.com,wilsonbethany@company.com,Important payroll document,professional.exe,exe,pass,68.107.132.223
2025-08-01 18:21:00,vjohnson@google.com,jarvislindsey@company.com,Password reset request,,,pass,160.187.45.210
2025-08-01 18:24:00,sgonzalez@microsoft.com,pennybennett@company.com,Password reset request,high.exe,exe,pass,17.83.125.253
2025-08-01 18:27:00,joewoods@goog1e-secure.net,hallcourtney@company.com,Invoice attached,,,pass,53.73.75.107
2025-08-01 18:30:00,hrice@yahoo.com,jessicawilson@company.com,Important payroll document,,,pass,56.241.5.230
2025-08-01 18:33:00,rnorton@microsoft.com,oclarke@company.com,Password reset request,,,pass,43.26.1.178
2025-08-01 18:36:00,nblack@microsoft.com,samanthasanders@company.com,Password reset request,all.zip,zip,pass,202.208.36.143
2025-08-01 18:39:00,mcgrathamanda@goog1e-secure.net,careysean@company.com,Urgent: Verify your account,,,pass,26.12.206.172
2025-08-01 18:42:00,philip86@yahoo.com,aferguson@company.com,Urgent: Verify your account,popular.xlsm,xlsm,pass,200.72.199.7
2025-08-01 18:45:00,jarnold@goog1e-secure.net,annaferrell@company.com,Team meeting update,,,pass,42.229.61.224
2025-08-01 18:48:00,russelljonathan@yahoo.com,jordanmercado@company.com,Password reset request,floor.zip,zip,pass,117.63.197.210
2025-08-01 18:51:00,carladavis@paypal.com,hoganedwin@company.com,Invoice attached,,,pass,187.184.180.36
2025-08-01 18:54:00,kyoung@goog1e-secure.net,nicholas07@company.com,Important payroll document,poor.pdf,pdf,pass,33.253.200.209
2025-08-01 18:57:00,jacob18@paypa1.com,kristi84@company.com,Team meeting update,wrong.xlsm,xlsm,pass,157.211.45.108
2025-08-01 19:00:00,andrew87@micr0soft-support.net,jessica93@company.com,Password reset request,deal.pdf,pdf,fail,48.29.178.167
2025-08-01 19:03:00,yharris@outlook.com,wcline@company.com,Team meeting update,task.zip,zip,pass,81.170.202.186
2025-08-01 19:06:00,usullivan@microsoft.com,andrewmason@company.com,Team meeting update,source.xlsm,xlsm,pass,55.178.10.179
2025-08-01 19:09:00,cunninghamdonald@paypa1.com,hannah73@company.com,Team meeting update,instead.xlsm,xlsm,pass,68.32.145.68
2025-08-01 19:12:00,cantumark@outlook.com,marksmith@company.com,Urgent: Verify your account,group.exe,exe,pass,135.173.92.238
2025-08-01 19:15:00,ann53@paypa1.com,pmeyer@company.com,Urgent: Verify your account,its.xlsm,xlsm,pass,146.205.17.196
2025-08-01 19:18:00,samanthamartinez@microsoft.com,andersenrachel@company.com,Important payroll document,,,pass,58.103.219.85
2025-08-01 19:21:00,steven26@google.com,justinpruitt@company.com,Team meeting update,Democrat.zip,zip,pass,145.108.245.245
2025-08-01 19:24:00,john63@yahoo.com,nramos@company.com,Team meeting update,water.pdf,pdf,pass,164.100.129.154
2025-08-01 19:27:00,katrinakelley@yahoo.com,vwallace@company.com,Invoice attached,few.pdf,pdf,pass,25.106.91.3
2025-08-01 19:30:00,reesejohn@goog1e-secure.net,ericgray@company.com,Password reset request,million.xlsm,xlsm,pass,37.205.60.53
2025-08-01 19:33:00,michael53@paypa1.com,travis54@company.com,Important payroll document,certainly.zip,zip,pass,221.161.115.179
2025-08-01 19:36:00,wendysanchez@outlook.com,jtaylor@company.com,Password reset request,,,pass,135.197.74.234
2025-08-01 19:39:00,crystalpennington@google.com,nguyensharon@company.com,Invoice attached,those.exe,exe,pass,207.164.85.159
2025-08-01 19:42:00,benjamin26@paypa1.com,dberg@company.com,Urgent: Verify your account,enough.xlsm,xlsm,pass,152.159.99.232
2025-08-01 19:45:00,erinboyer@paypal.com,hollykrueger@company.com,Invoice attached,able.xlsm,xlsm,pass,70.143.117.204
2025-08-01 19:48:00,olivia39@microsoft.com,thomasoneill@company.com,Team meeting update,,,pass,19.158.205.171
2025-08-01 19:51:00,rbrown@google.com,terrencelawson@company.com,Invoice attached,development.pdf,pdf,pass,154.54.107.57
2025-08-01 19:54:00,tharris@paypa1.com,simmonsbarbara@company.com,Important payroll document,front.exe,exe,pass,223.202.9.252
2025-08-01 19:57:00,powellangelica@goog1e-secure.net,samuelbishop@company.com,Urgent: Verify your account,,,pass,134.203.140.162
2025-08-01 20:00:00,virginia48@micr0soft-support.net,shawnreed@company.com,Important payroll document,garden.exe,exe,fail,73.248.128.117
2025-08-01 20:03:00,teresadavis@yahoo.com,ojohnson@company.com,Invoice attached,identify.exe,exe,pass,143.28.254.164
2025-08-01 20:06:00,brittanygonzales@micr0soft-support.net,edwardgibson@company.com,Urgent: Verify your account,right.zip,zip,pass,84.132.60.105
2025-08-01 20:09:00,gonzalezlori@yahoo.com,heidi54@company.com,Password reset request,different.exe,exe,pass,180.134.39.151
2025-08-01 20:12:00,james23@microsoft.com,juliemccarthy@company.com,Important payroll document,,,pass,169.153.131.54
2025-08-01 20:15:00,piercecarrie@paypa1.com,ernest64@company.com,Team meeting update,hope.zip,zip,pass,178.213.244.60
2025-08-01 20:18:00,obrientanner@micr0soft-support.net,scottmichael@company.com,Invoice attached,end.pdf,pdf,pass,9.11.164.157
2025-08-01 20:21:00,pachecotaylor@paypa1.com,mark03@company.com,Urgent: Verify your account,,,pass,122.106.57.215
2025-08-01 20:24:00,matthewavila@outlook.com,amandabartlett@company.com,Password reset request,,,pass,151.223.184.36
2025-08-01 20:27:00,frederickmcmahon@outlook.com,fscott@company.com,Invoice attached,whom.pdf,pdf,pass,4.55.196.156
2025-08-01 20:30:00,brandon07@yahoo.com,robertspatricia@company.com,Invoice attached,,,pass,128.183.181.243
2025-08-01 20:33:00,fbrennan@yahoo.com,jessicachung@company.com,Urgent: Verify your account,glass.pdf,pdf,pass,17.203.193.248
2025-08-01 20:36:00,rconner@google.com,johnvalenzuela@company.com,Important payroll document,,,pass,79.5.233.250
2025-08-01 20:39:00,frederick51@paypal.com,melaniejones@company.com,Urgent: Verify your account,strong.exe,exe,pass,106.39.116.179
2025-08-01 20:42:00,tom62@goog1e-secure.net,vjohnson@company.com,Invoice attached,,,pass,184.201.138.169
2025-08-01 20:45:00,leslie56@google.com,harrisonamy@company.com,Team meeting update,past.exe,exe,pass,171.28.152.220
2025-08-01 20:48:00,josephbond@yahoo.com,elizabeth61@company.com,Urgent: Verify your account,,,pass,179.10.110.121
2025-08-01 20:51:00,cunninghammichael@google.com,zmckay@company.com,Urgent: Verify your account,member.exe,exe,pass,80.1.48.50
2025-08-01 20:54:00,amanda07@micr0soft-support.net,fbeck@company.com,Urgent: Verify your account,,,fail,47.21.137.237
2025-08-01 20:57:00,paul53@micr0soft-support.net,stevenroberts@company.com,Password reset request,writer.pdf,pdf,pass,216.71.31.118
2025-08-01 21:00:00,harrisjames@microsoft.com,acostacaitlin@company.com,Password reset request,,,pass,212.77.198.29
2025-08-01 21:03:00,williamstammy@micr0soft-support.net,kmoreno@company.com,Password reset request,movement.xlsm,xlsm,pass,48.190.145.184
2025-08-01 21:06:00,arellanokathy@micr0soft-support.net,jefferyevans@company.com,Team meeting update,face.zip,zip,pass,13.80.112.93
2025-08-01 21:09:00,brodriguez@outlook.com,gbryant@company.com,Invoice attached,three.xlsm,xlsm,pass,216.10.206.166
2025-08-01 21:12:00,rsalazar@google.com,ortizdaniel@company.com,Invoice attached,,,pass,108.133.165.139
2025-08-01 21:15:00,garciajustin@micr0soft-support.net,carrolljohn@company.com,Urgent: Verify your account,,,pass,194.255.99.113
2025-08-01 21:18:00,stevenlester@google.com,wmcclure@company.com,Invoice attached,field.pdf,pdf,pass,109.206.176.200
2025-08-01 21:21:00,nlarson@outlook.com,christinajacobs@company.com,Important payroll document,,,pass,49.175.141.219
2025-08-01 21:24:00,baldwindeanna@goog1e-secure.net,sturner@company.com,Team meeting update,,,pass,114.17.196.79
2025-08-01 21:27:00,schultzjeffrey@google.com,taylorjoe@company.com,Urgent: Verify your account,,,pass,18.221.149.200
2025-08-01 21:30:00,kelseymccoy@yahoo.com,dhoward@company.com,Important payroll document,just.pdf,pdf,pass,204.46.153.89
2025-08-01 21:33:00,clarkmarie@paypal.com,tarahaynes@company.com,Password reset request,bad.xlsm,xlsm,pass,135.227.173.190
2025-08-01 21:36:00,rojasrobert@yahoo.com,hillpatrick@company.com,Important payroll document,,,pass,64.175.138.236
2025-08-01 21:39:00,hectordavis@microsoft.com,richardnunez@company.com,Team meeting update,,,pass,156.47.236.18
2025-08-01 21:42:00,paul72@yahoo.com,ylopez@company.com,Invoice attached,choice.zip,zip,pass,118.4.212.68
2025-08-01 21:45:00,carlosgomez@google.com,alexanderwilcox@company.com,Team meeting update,simply.zip,zip,pass,193.84.31.80
2025-08-01 21:48:00,thomasdavid@microsoft.com,brandon95@company.com,Invoice attached,rise.zip,zip,pass,169.49.236.117
2025-08-01 21:51:00,carriethompson@outlook.com,jasminewhite@company.com,Urgent: Verify your account,develop.xlsm,xlsm,pass,221.71.217.229
2025-08-01 21:54:00,grantanna@paypa1.com,shawbryan@company.com,Password reset request,response.xlsm,xlsm,pass,77.201.227.253
2025-08-01 21:57:00,gibsonashley@google.com,patricia19@company.com,Invoice attached,foot.xlsm,xlsm,pass,5.66.229.150
2025-08-01 22:00:00,leefisher@outlook.com,elizabethfletcher@company.com,Password reset request,,,pass,74.190.27.86
2025-08-01 22:03:00,debbie15@paypal.com,mrussell@company.com,Team meeting update,,,pass,136.141.58.76
2025-08-01 22:06:00,kristenhooper@outlook.com,mwood@company.com,Urgent: Verify your account,design.zip,zip,pass,207.166.29.31
2025-08-01 22:09:00,angela68@outlook.com,yhancock@company.com,Important payroll document,son.pdf,pdf,pass,144.197.150.174
2025-08-01 22:12:00,sherrera@micr0soft-support.net,danielbishop@company.com,Team meeting update,newspaper.zip,zip,fail,96.133.193.227
2025-08-01 22:15:00,melissaedwards@google.com,tferguson@company.com,Invoice attached,forward.xlsm,xlsm,pass,191.68.71.34
2025-08-01 22:18:00,qsmith@microsoft.com,brendaarmstrong@company.com,Urgent: Verify your account,imagine.exe,exe,pass,26.60.20.33
2025-08-01 22:21:00,daniel07@yahoo.com,lauragarcia@company.com,Urgent: Verify your account,,,pass,57.163.14.16
2025-08-01 22:24:00,reidjohn@microsoft.com,michaelpatel@company.com,Urgent: Verify your account,,,pass,219.211.140.150
2025-08-01 22:27:00,armstrongdanielle@yahoo.com,lallen@company.com,Team meeting update,,,pass,109.93.181.8
2025-08-01 22:30:00,ianjohnson@google.com,jhall@company.com,Important payroll document,force.pdf,pdf,pass,85.128.133.96
2025-08-01 22:33:00,mgreene@google.com,rsmith@company.com,Important payroll document,,,pass,132.89.139.69
2025-08-01 22:36:00,sarah41@microsoft.com,nlong@company.com,Password reset request,,,pass,118.216.187.46
2025-08-01 22:39:00,cody46@paypa1.com,haneychristopher@company.com,Password reset request,risk.xlsm,xlsm,pass,189.48.223.60
2025-08-01 22:42:00,bsims@google.com,qjohnson@company.com,Invoice attached,suggest.pdf,pdf,pass,189.158.114.64
2025-08-01 22:45:00,frederick52@outlook.com,jeffbyrd@company.com,Urgent: Verify your account,kind.xlsm,xlsm,pass,76.120.25.202
2025-08-01 22:48:00,jacob38@goog1e-secure.net,sharon86@company.com,Invoice attached,sea.pdf,pdf,pass,1.143.216.3
2025-08-01 22:51:00,david70@micr0soft-support.net,hesszachary@company.com,Password reset request,,,fail,59.219.97.29
2025-08-01 22:54:00,vazquezwilliam@outlook.com,kwest@company.com,Invoice attached,,,pass,86.59.167.25
2025-08-01 22:57:00,xowen@goog1e-secure.net,hollowaysharon@company.com,Invoice attached,on.pdf,pdf,pass,178.176.203.217
2025-08-01 23:00:00,adamleonard@microsoft.com,jeffrey07@company.com,Important payroll document,imagine.exe,exe,pass,129.107.114.38
2025-08-01 23:03:00,johnsoncourtney@yahoo.com,ericedwards@company.com,Team meeting update,call.exe,exe,pass,216.25.209.102
2025-08-01 23:06:00,mcgeenicole@microsoft.com,pford@company.com,Important payroll document,use.pdf,pdf,pass,43.205.103.240
2025-08-01 23:09:00,dchen@google.com,johnsonaustin@company.com,Important payroll document,run.zip,zip,pass,151.128.101.255
2025-08-01 23:12:00,jessehale@goog1e-secure.net,nancy38@company.com,Urgent: Verify your account,question.pdf,pdf,pass,161.26.92.58
2025-08-01 23:15:00,christopher11@paypal.com,ricefrank@company.com,Invoice attached,,,pass,176.213.125.187
2025-08-01 23:18:00,sbrooks@micr0soft-support.net,amanda09@company.com,Invoice attached,,,pass,24.206.207.49
2025-08-01 23:21:00,tarapena@microsoft.com,arnoldlouis@company.com,Password reset request,,,pass,145.11.5.26
2025-08-01 23:24:00,lhinton@yahoo.com,wmoreno@company.com,Important payroll document,ground.pdf,pdf,pass,106.121.179.12
2025-08-01 23:27:00,mooremadison@paypal.com,smallkimberly@company.com,Invoice attached,,,pass,200.221.149.199
2025-08-01 23:30:00,rodriguezkatherine@yahoo.com,robertsjuan@company.com,Password reset request,recognize.pdf,pdf,pass,162.204.211.186
2025-08-01 23:33:00,oliviajackson@goog1e-secure.net,christiancampbell@company.com,Password reset request,,,pass,23.116.184.133
2025-08-01 23:36:00,martha04@micr0soft-support.net,wanda48@company.com,Invoice attached,player.xlsm,xlsm,pass,206.137.239.228
2025-08-01 23:39:00,grogers@paypa1.com,sophiachapman@company.com,Team meeting update,,,pass,68.128.54.101
2025-08-01 23:42:00,kevinwade@goog1e-secure.net,hmartinez@company.com,Important payroll document,among.xlsm,xlsm,pass,150.60.208.84
2025-08-01 23:45:00,qpowell@microsoft.com,baileymichael@company.com,Invoice attached,,,pass,63.170.178.77
2025-08-01 23:48:00,sheenamontgomery@google.com,andradechase@company.com,Urgent: Verify your account,sign.zip,zip,pass,170.122.105.134
2025-08-01 23:51:00,natashaberry@paypal.com,williamscory@company.com,Team meeting update,wrong.pdf,pdf,pass,16.135.208.231
2025-08-01 23:54:00,connor27@micr0soft-support.net,kristapeters@company.com,Invoice attached,range.exe,exe,pass,171.233.29.95
2025-08-01 23:57:00,piercemelissa@outlook.com,rhondahurst@company.com,Invoice attached,,,pass,23.202.21.243
2025-08-02 00:00:00,ecooper@google.com,amandanichols@company.com,Important payroll document,,,pass,61.110.230.197
2025-08-02 00:03:00,curtishampton@paypal.com,urush@company.com,Important payroll document,,,pass,170.250.119.163
2025-08-02 00:06:00,scottbailey@goog1e-secure.net,bduncan@company.com,Urgent: Verify your account,option.xlsm,xlsm,pass,107.171.30.97
2025-08-02 00:09:00,wmartinez@micr0soft-support.net,brooke34@company.com,Team meeting update,above.zip,zip,fail,134.216.124.209
2025-08-02 00:12:00,fjohnson@outlook.com,wisemelinda@company.com,Urgent: Verify your account,response.xlsm,xlsm,pass,170.37.24.34
2025-08-02 00:15:00,phorne@goog1e-secure.net,uturner@company.com,Team meeting update,leg.xlsm,xlsm,pass,57.163.89.32
2025-08-02 00:18:00,edwinruiz@paypal.com,buchanankimberly@company.com,Urgent: Verify your account,likely.xlsm,xlsm,pass,1.190.226.250
2025-08-02 00:21:00,zarnold@micr0soft-support.net,sarah95@company.com,Important payroll document,identify.xlsm,xlsm,fail,76.42.116.37
2025-08-02 00:24:00,vfleming@paypa1.com,nancygarcia@company.com,Password reset request,rather.xlsm,xlsm,pass,60.97.94.46
2025-08-02 00:27:00,brent24@google.com,thompsonkelly@company.com,Important payroll document,,,pass,218.227.76.33
2025-08-02 00:30:00,travis47@yahoo.com,rachel70@company.com,Urgent: Verify your account,goal.zip,zip,pass,195.101.236.202
2025-08-02 00:33:00,michael45@goog1e-secure.net,mosessean@company.com,Team meeting update,,,pass,82.93.134.62
2025-08-02 00:36:00,dnguyen@micr0soft-support.net,harringtonangela@company.com,Urgent: Verify your account,issue.zip,zip,pass,111.241.39.204
2025-08-02 00:39:00,thomashuerta@outlook.com,vincent88@company.com,Urgent: Verify your account,,,pass,147.125.88.134
2025-08-02 00:42:00,daisy77@microsoft.com,larsonscott@company.com,Team meeting update,play.zip,zip,pass,78.204.100.21
2025-08-02 00:45:00,nweber@micr0soft-support.net,obrienphyllis@company.com,Password reset request,hear.exe,exe,fail,71.202.203.183
2025-08-02 00:48:00,qalexander@yahoo.com,thomas68@company.com,Team meeting update,,,pass,59.28.54.233
2025-08-02 00:51:00,betty76@microsoft.com,zdecker@company.com,Urgent: Verify your account,easy.pdf,pdf,pass,81.93.203.97
2025-08-02 00:54:00,ymoore@yahoo.com,mckinneylauren@company.com,Urgent: Verify your account,process.zip,zip,pass,48.248.49.81
2025-08-02 00:57:00,stevenmartinez@micr0soft-support.net,sierra26@company.com,Team meeting update,position.xlsm,xlsm,pass,159.147.161.170
